layer_radius,num_petals,petal_index,opening_degree,base_tilt_angle,z_variation,pos_x,pos_y,pos_z,rotate_x,rotate_y,rotate_z
5.0,3,0,0.8,15.0,0.0,5.0,0.0,0.0,0.0,2.999999999999999,90.0
5.0,3,1,0.8,15.0,0.0,-2.499999999999999,4.330127018922194,0.0,0.0,2.999999999999999,210.0
5.0,3,2,0.8,15.0,0.0,-2.500000000000002,-4.330127018922192,0.0,0.0,2.999999999999999,330.0
